Order ID;SKU ID;Creator Username;Product ID;Product Name;Price;Quantity;Fully returned or refunded;Shop name;Shop code;Partner campaign ID;Order type;Order settlement status;Content Type;Content ID;Attribution type;Commission GMV;Standard affiliate partner commission rate;Affiliate partner shop ads commission rate;TikTok bonus rate for affiliate partners;Est. base commission;Est. affiliate partner commission;Est. affiliate partner Shop Ads commission;Est. affiliate partner bonus commission;Est. ISR;Est. IVA;Standard creator affiliate commission rate;Creator shop ads commission rate;TikTok bonus rate for creator affiliate partners;Est. creator commission;Est. creator Shop Ads commission;Est. creator partner bonus commission;Commission base;Standard commission for affiliate partner;Affiliate partner shop ads commission;Affiliate partner bonus commission;Affiliate partner ISR;Affiliate partner IVA;Standard creator commission;Shop ads commission for creators;Affiliate creator partner bonus;Time Created;Time order delivered;Payment ID;Payment Status
584487075266856559;1729744216100406439;reyshaka_kenizio27;1729744224888456359;Minyak Oles/Balur Qahira-Minyak Oles Benjolan, Terverifikasi BPOM dan Halal MUI-Minyak Tubuh & Pijat (Minyak Balur/Oles Untuk Benjolan, Pegal Linu, Keselo, Lipoma dan Tiroid);94999;1;No;Pusat Toko berkah;IDLC3AWWAG;7598383205545068296;Affiliate order;Pending;Video;7650148700806925588;;96399;0%;;;94999;0;;;;;10%;;;9500;;;94999;;;;;;;;;12/06/2026 07:54:29;;;
584480187618591833;1729744216100406439;nadiapurba53;1729744224888456359;Minyak Oles/Balur Qahira-Minyak Oles Benjolan, Terverifikasi BPOM dan Halal MUI-Minyak Tubuh & Pijat (Minyak Balur/Oles Untuk Benjolan, Pegal Linu, Keselo, Lipoma dan Tiroid);94999;1;No;Pusat Toko berkah;IDLC3AWWAG;7598383205545068296;Affiliate order;Unpaid by customer;Video;7623254593178242324;;97363;0%;;;94999;0;;;;;10%;;;9500;;;;;;;;;;;;11/06/2026 19:03:23;;;
584475089517970524;1729744216100406439;riskadiana22;1729744224888456359;Minyak Oles/Balur Qahira-Minyak Oles Benjolan, Terverifikasi BPOM dan Halal MUI-Minyak Tubuh & Pijat (Minyak Balur/Oles Untuk Benjolan, Pegal Linu, Keselo, Lipoma dan Tiroid);103100;1;No;Pusat Toko berkah;IDLC3AWWAG;7598383205545068296;Affiliate order;Unpaid by customer;Video;7611413181868592405;;105646;0%;;;103100;0;;;;;10%;;;10310;;;;;;;;;;;;11/06/2026 12:38:54;;;
584458196013188895;1729744216100406439;riskadiana22;1729744224888456359;Minyak Oles/Balur Qahira-Minyak Oles Benjolan, Terverifikasi BPOM dan Halal MUI-Minyak Tubuh & Pijat (Minyak Balur/Oles Untuk Benjolan, Pegal Linu, Keselo, Lipoma dan Tiroid);94999;1;No;Pusat Toko berkah;IDLC3AWWAG;7598383205545068296;Affiliate order;Unpaid by customer;Video;7611413181868592405;;124734;0%;;;94999;0;;;;;10%;;;9500;;;;;;;;;;;;10/06/2026 11:33:45;;;
584448109296846209;1729744216100406439;riskadiana22;1729744224888456359;Minyak Oles/Balur Qahira-Minyak Oles Benjolan, Terverifikasi BPOM dan Halal MUI-Minyak Tubuh & Pijat (Minyak Balur/Oles Untuk Benjolan, Pegal Linu, Keselo, Lipoma dan Tiroid);91199;1;No;Pusat Toko berkah;IDLC3AWWAG;7598383205545068296;Affiliate order;Pending;Video;7611413181868592405;;93424;0%;;;91199;0;;;;;10%;;;9120;;;91199;;;;;;;;;09/06/2026 18:42:50;12/06/2026 07:30:53;;
584447161700419195;1729744216100406439;riskadiana22;1729744224888456359;Minyak Oles/Balur Qahira-Minyak Oles Benjolan, Terverifikasi BPOM dan Halal MUI-Minyak Tubuh & Pijat (Minyak Balur/Oles Untuk Benjolan, Pegal Linu, Keselo, Lipoma dan Tiroid);94999;1;No;Pusat Toko berkah;IDLC3AWWAG;7598383205545068296;Affiliate order;Unpaid by customer;Video;7611413181868592405;;150388;0%;;;94999;0;;;;;10%;;;9500;;;;;;;;;;;;09/06/2026 17:29:45;;;
584444985059805164;1729744216100406439;riskadiana22;1729744224888456359;Minyak Oles/Balur Qahira-Minyak Oles Benjolan, Terverifikasi BPOM dan Halal MUI-Minyak Tubuh & Pijat (Minyak Balur/Oles Untuk Benjolan, Pegal Linu, Keselo, Lipoma dan Tiroid);94999;1;No;Pusat Toko berkah;IDLC3AWWAG;7598383205545068296;Affiliate order;Pending;Video;7611413181868592405;;96399;0%;;;94999;0;;;;;10%;;;9500;;;94999;;;;;;;;;09/06/2026 14:36:08;11/06/2026 09:55:17;;
584439861262255491;1729744216100406439;riskadiana22;1729744224888456359;Minyak Oles/Balur Qahira-Minyak Oles Benjolan, Terverifikasi BPOM dan Halal MUI-Minyak Tubuh & Pijat (Minyak Balur/Oles Untuk Benjolan, Pegal Linu, Keselo, Lipoma dan Tiroid);93137;1;No;Pusat Toko berkah;IDLC3AWWAG;7598383205545068296;Affiliate order;Pending;Video;7611413181868592405;;95381;0%;;;93137;0;;;;;10%;;;9314;;;93137;;;;;;;;;09/06/2026 08:12:34;11/06/2026 10:03:34;;
584439341063440136;1729744216100406439;riskadiana22;1729744224888456359;Minyak Oles/Balur Qahira-Minyak Oles Benjolan, Terverifikasi BPOM dan Halal MUI-Minyak Tubuh & Pijat (Minyak Balur/Oles Untuk Benjolan, Pegal Linu, Keselo, Lipoma dan Tiroid);93136;1;No;Pusat Toko berkah;IDLC3AWWAG;7598383205545068296;Affiliate order;Unpaid by customer;Video;7611413181868592405;;95380;0%;;;93136;0;;;;;10%;;;9314;;;;;;;;;;;;09/06/2026 07:23:37;;;
584438099075762076;1729744216100406439;riskadiana22;1729744224888456359;Minyak Oles/Balur Qahira-Minyak Oles Benjolan, Terverifikasi BPOM dan Halal MUI-Minyak Tubuh & Pijat (Minyak Balur/Oles Untuk Benjolan, Pegal Linu, Keselo, Lipoma dan Tiroid);89411;1;No;Pusat Toko berkah;IDLC3AWWAG;7598383205545068296;Shop ads order;Ineligible;Video;7611413181868592405;;91618;;0%;;89411;;0;;;;;5%;;;4471;;;;;;;;;;;09/06/2026 04:18:32;;;No payment needed
584437820570044292;1729744216100406439;riskadiana22;1729744224888456359;Minyak Oles/Balur Qahira-Minyak Oles Benjolan, Terverifikasi BPOM dan Halal MUI-Minyak Tubuh & Pijat (Minyak Balur/Oles Untuk Benjolan, Pegal Linu, Keselo, Lipoma dan Tiroid);93136;1;No;Pusat Toko berkah;IDLC3AWWAG;7598383205545068296;Shop ads order;Ineligible;Video;7611413181868592405;;95380;;0%;;93136;;0;;;;;5%;;;4657;;;;;;;;;;;09/06/2026 02:42:52;;;No payment needed
584434277356701487;1729744216100406439;.bang.fey;1729744224888456359;Minyak Oles/Balur Qahira-Minyak Oles Benjolan, Terverifikasi BPOM dan Halal MUI-Minyak Tubuh & Pijat (Minyak Balur/Oles Untuk Benjolan, Pegal Linu, Keselo, Lipoma dan Tiroid);94999;1;No;Pusat Toko berkah;IDLC3AWWAG;7598383205545068296;Shop ads order;Unpaid by customer;Video;7648160679890881813;;96454;;0%;;94999;;0;;;;;5%;;;4750;;;;;;;;;;;08/06/2026 20:49:21;;;
584434167984129389;1729744216100406439;nam.bar3;1729744224888456359;Minyak Oles/Balur Qahira-Minyak Oles Benjolan, Terverifikasi BPOM dan Halal MUI-Minyak Tubuh & Pijat (Minyak Balur/Oles Untuk Benjolan, Pegal Linu, Keselo, Lipoma dan Tiroid);94999;1;No;Pusat Toko berkah;IDLC3AWWAG;7598383205545068296;Affiliate order;Ineligible;Video;7631896160000658695;;96804;0%;;;94999;0;;;;;10%;;;9500;;;0;0;;;;;0;;;08/06/2026 20:42:08;;;No payment needed
584434073520867310;1729744216100406439;nadiapurba53;1729744224888456359;Minyak Oles/Balur Qahira-Minyak Oles Benjolan, Terverifikasi BPOM dan Halal MUI-Minyak Tubuh & Pijat (Minyak Balur/Oles Untuk Benjolan, Pegal Linu, Keselo, Lipoma dan Tiroid);94999;1;No;Pusat Toko berkah;IDLC3AWWAG;7598383205545068296;Shop ads order;Ineligible;Video;7623254593178242324;;97363;;0%;;94999;;0;;;;;5%;;;4750;;;;;;;;;;;08/06/2026 20:37:10;;;No payment needed
584432417948664835;1729744216100406439;nadiapurba53;1729744224888456359;Minyak Oles/Balur Qahira-Minyak Oles Benjolan, Terverifikasi BPOM dan Halal MUI-Minyak Tubuh & Pijat (Minyak Balur/Oles Untuk Benjolan, Pegal Linu, Keselo, Lipoma dan Tiroid);94799;1;No;Pusat Toko berkah;IDLC3AWWAG;7598383205545068296;Shop ads order;Unpaid by customer;Video;7623254593178242324;;97161;;0%;;94799;;0;;;;;5%;;;4740;;;;;;;;;;;08/06/2026 18:54:56;;;
584431032822629787;1729744216100406439;nadiapurba53;1729744224888456359;Minyak Oles/Balur Qahira-Minyak Oles Benjolan, Terverifikasi BPOM dan Halal MUI-Minyak Tubuh & Pijat (Minyak Balur/Oles Untuk Benjolan, Pegal Linu, Keselo, Lipoma dan Tiroid);94999;1;No;Pusat Toko berkah;IDLC3AWWAG;7598383205545068296;Shop ads order;Pending;Video;7623254593178242324;;97363;;0%;;94999;;0;;;;;5%;;;4750;;94999;;;;;;;;;08/06/2026 17:14:43;10/06/2026 13:57:50;;
584429136455435905;1729744216100406439;riskadiana22;1729744224888456359;Minyak Oles/Balur Qahira-Minyak Oles Benjolan, Terverifikasi BPOM dan Halal MUI-Minyak Tubuh & Pijat (Minyak Balur/Oles Untuk Benjolan, Pegal Linu, Keselo, Lipoma dan Tiroid);94999;1;No;Pusat Toko berkah;IDLC3AWWAG;7598383205545068296;Affiliate order;Pending;Video;7611413181868592405;;97363;0%;;;94999;0;;;;;10%;;;9500;;;94999;;;;;;;;;08/06/2026 14:39:54;10/06/2026 10:17:49;;
584427845707270043;1729744216100406439;nadiapurba53;1729744224888456359;Minyak Oles/Balur Qahira-Minyak Oles Benjolan, Terverifikasi BPOM dan Halal MUI-Minyak Tubuh & Pijat (Minyak Balur/Oles Untuk Benjolan, Pegal Linu, Keselo, Lipoma dan Tiroid);75999;1;No;Pusat Toko berkah;IDLC3AWWAG;7598383205545068296;Shop ads order;Unpaid by customer;Video;7623254593178242324;;78577;;0%;;75999;;0;;;;;5%;;;3800;;;;;;;;;;;08/06/2026 13:06:32;;;
584425937635542625;1729744216100406439;.bang.fey;1729744224888456359;Minyak Oles/Balur Qahira-Minyak Oles Benjolan, Terverifikasi BPOM dan Halal MUI-Minyak Tubuh & Pijat (Minyak Balur/Oles Untuk Benjolan, Pegal Linu, Keselo, Lipoma dan Tiroid);85499;1;No;Pusat Toko berkah;IDLC3AWWAG;7598383205545068296;Affiliate order;Unpaid by customer;Video;7615946906082069778;;86354;0%;;;85499;0;;;;;10%;;;8550;;;;;;;;;;;;08/06/2026 10:59:42;;;
584425530058114664;1729744216100406439;riskadiana22;1729744224888456359;Minyak Oles/Balur Qahira-Minyak Oles Benjolan, Terverifikasi BPOM dan Halal MUI-Minyak Tubuh & Pijat (Minyak Balur/Oles Untuk Benjolan, Pegal Linu, Keselo, Lipoma dan Tiroid);94999;1;No;Pusat Toko berkah;IDLC3AWWAG;7598383205545068296;Affiliate order;Pending;Video;7611413181868592405;;99291;0%;;;94999;0;;;;;10%;;;9500;;;94999;;;;;;;;;08/06/2026 10:32:40;11/06/2026 15:19:26;;
584422446684276124;1729744216100406439;riskadiana22;1729744224888456359;Minyak Oles/Balur Qahira-Minyak Oles Benjolan, Terverifikasi BPOM dan Halal MUI-Minyak Tubuh & Pijat (Minyak Balur/Oles Untuk Benjolan, Pegal Linu, Keselo, Lipoma dan Tiroid);93136;1;No;Pusat Toko berkah;IDLC3AWWAG;7598383205545068296;Affiliate order;Pending;Video;7611413181868592405;;95380;0%;;;93136;0;;;;;10%;;;9314;;;93136;;;;;;;;;08/06/2026 05:33:24;10/06/2026 11:55:52;;
584418273440990573;1729744216100406439;nam.bar3;1729744224888456359;Minyak Oles/Balur Qahira-Minyak Oles Benjolan, Terverifikasi BPOM dan Halal MUI-Minyak Tubuh & Pijat (Minyak Balur/Oles Untuk Benjolan, Pegal Linu, Keselo, Lipoma dan Tiroid);94999;1;No;Pusat Toko berkah;IDLC3AWWAG;7598383205545068296;Affiliate order;Ineligible;Video;7631896160000658695;;97399;0%;;;94999;0;;;;;10%;;;9500;;;0;0;;;;;0;;;07/06/2026 21:02:51;;;No payment needed
584417043787056431;1729744216100406439;nadiapurba53;1729744224888456359;Minyak Oles/Balur Qahira-Minyak Oles Benjolan, Terverifikasi BPOM dan Halal MUI-Minyak Tubuh & Pijat (Minyak Balur/Oles Untuk Benjolan, Pegal Linu, Keselo, Lipoma dan Tiroid);94999;1;No;Pusat Toko berkah;IDLC3AWWAG;7598383205545068296;Affiliate order;Unpaid by customer;Video;7623254593178242324;;97363;0%;;;94999;0;;;;;10%;;;9500;;;;;;;;;;;;07/06/2026 19:54:42;;;
584416894161356422;1729744216100406439;.bang.fey;1729744224888456359;Minyak Oles/Balur Qahira-Minyak Oles Benjolan, Terverifikasi BPOM dan Halal MUI-Minyak Tubuh & Pijat (Minyak Balur/Oles Untuk Benjolan, Pegal Linu, Keselo, Lipoma dan Tiroid);91199;1;No;Pusat Toko berkah;IDLC3AWWAG;7598383205545068296;Affiliate order;Pending;Video;7648160679890881813;;93424;0%;;;91199;0;;;;;10%;;;9120;;;91199;;;;;;;;;07/06/2026 19:48:08;10/06/2026 14:20:00;;
584409552825321066;1729744216100406439;riskadiana22;1729744224888456359;Minyak Oles/Balur Qahira-Minyak Oles Benjolan, Terverifikasi BPOM dan Halal MUI-Minyak Tubuh & Pijat (Minyak Balur/Oles Untuk Benjolan, Pegal Linu, Keselo, Lipoma dan Tiroid);94999;1;No;Pusat Toko berkah;IDLC3AWWAG;7598383205545068296;Affiliate order;Pending;Video;7611413181868592405;;95999;0%;;;94999;0;;;;;10%;;;9500;;;94999;;;;;;;;;07/06/2026 11:32:01;09/06/2026 08:28:00;;
584408633193564084;1729744216100406439;riskadiana22;1729744224888456359;Minyak Oles/Balur Qahira-Minyak Oles Benjolan, Terverifikasi BPOM dan Halal MUI-Minyak Tubuh & Pijat (Minyak Balur/Oles Untuk Benjolan, Pegal Linu, Keselo, Lipoma dan Tiroid);94999;1;No;Pusat Toko berkah;IDLC3AWWAG;7598383205545068296;Shop ads order;Unpaid by customer;Video;7611413181868592405;;97363;;0%;;94999;;0;;;;;5%;;;4750;;;;;;;;;;;07/06/2026 10:29:55;;;
584406910007740033;1729744216100406439;riskadiana22;1729744224888456359;Minyak Oles/Balur Qahira-Minyak Oles Benjolan, Terverifikasi BPOM dan Halal MUI-Minyak Tubuh & Pijat (Minyak Balur/Oles Untuk Benjolan, Pegal Linu, Keselo, Lipoma dan Tiroid);89411;1;No;Pusat Toko berkah;IDLC3AWWAG;7598383205545068296;Shop ads order;Unpaid by customer;Video;7611413181868592405;;91618;;0%;;89411;;0;;;;;5%;;;4471;;;;;;;;;;;07/06/2026 08:23:24;;;
584404198466684293;1729744216100406439;riskadiana22;1729744224888456359;Minyak Oles/Balur Qahira-Minyak Oles Benjolan, Terverifikasi BPOM dan Halal MUI-Minyak Tubuh & Pijat (Minyak Balur/Oles Untuk Benjolan, Pegal Linu, Keselo, Lipoma dan Tiroid);93136;1;No;Pusat Toko berkah;IDLC3AWWAG;7598383205545068296;Shop ads order;Ineligible;Video;7611413181868592405;;94436;;0%;;93136;;0;;;;;5%;;;4657;;0;;0;;;;;0;;07/06/2026 01:03:51;;;No payment needed
584393633104430205;1729744216100406439;riskadiana22;1729744224888456359;Minyak Oles/Balur Qahira-Minyak Oles Benjolan, Terverifikasi BPOM dan Halal MUI-Minyak Tubuh & Pijat (Minyak Balur/Oles Untuk Benjolan, Pegal Linu, Keselo, Lipoma dan Tiroid);99655;1;No;Pusat Toko berkah;IDLC3AWWAG;7598383205545068296;Affiliate order;Pending;Video;7611413181868592405;;101720;0%;;;99655;0;;;;;10%;;;9966;;;99655;;;;;;;;;06/06/2026 14:21:11;10/06/2026 12:09:20;;
584389912855086293;1729744216100406439;riskadiana22;1729744224888456359;Minyak Oles/Balur Qahira-Minyak Oles Benjolan, Terverifikasi BPOM dan Halal MUI-Minyak Tubuh & Pijat (Minyak Balur/Oles Untuk Benjolan, Pegal Linu, Keselo, Lipoma dan Tiroid);94999;1;No;Pusat Toko berkah;IDLC3AWWAG;7598383205545068296;Affiliate order;Unpaid by customer;Video;7611413181868592405;;112715;0%;;;94999;0;;;;;10%;;;9500;;;;;;;;;;;;06/06/2026 10:48:57;;;
584388220015445623;1729744216100406439;riskadiana22;1729744224888456359;Minyak Oles/Balur Qahira-Minyak Oles Benjolan, Terverifikasi BPOM dan Halal MUI-Minyak Tubuh & Pijat (Minyak Balur/Oles Untuk Benjolan, Pegal Linu, Keselo, Lipoma dan Tiroid);91529;1;No;Pusat Toko berkah;IDLC3AWWAG;7598383205545068296;Shop ads order;Pending;Video;7611413181868592405;;93355;;0%;;91529;;0;;;;;5%;;;4576;;91529;;;;;;;;;06/06/2026 09:09:39;10/06/2026 21:16:47;;
584374029601113486;1729744216100406439;riskadiana22;1729744224888456359;Minyak Oles/Balur Qahira-Minyak Oles Benjolan, Terverifikasi BPOM dan Halal MUI-Minyak Tubuh & Pijat (Minyak Balur/Oles Untuk Benjolan, Pegal Linu, Keselo, Lipoma dan Tiroid);105000;1;No;Pusat Toko berkah;IDLC3AWWAG;7598383205545068296;Shop ads order;Pending;Video;7611413181868592405;;106050;;0%;;105000;;0;;;;;5%;;;5250;;105000;;;;;;;;;05/06/2026 14:14:15;10/06/2026 12:33:43;;
584367507692356667;1729744216100406439;riskadiana22;1729744224888456359;Minyak Oles/Balur Qahira-Minyak Oles Benjolan, Terverifikasi BPOM dan Halal MUI-Minyak Tubuh & Pijat (Minyak Balur/Oles Untuk Benjolan, Pegal Linu, Keselo, Lipoma dan Tiroid);94999;1;No;Pusat Toko berkah;IDLC3AWWAG;7598383205545068296;Affiliate order;Ineligible;Video;7611413181868592405;;97363;0%;;;94999;0;;;;;10%;;;9500;;;94999;0;;;;;9500;;;05/06/2026 06:32:02;06/06/2026 11:35:57;;No payment needed
584367419650245759;1729917318190957735;nurulaini280902;1729917357927597223;Promo Qahira Varian-Suplemen Kesehatan-Bantu  Meredakan Bendjolan, Terbuat dari Bajakah Asli Indonesia-Obat Herbal Benjolan-Pengobatan Alternatif-Obat Herbal;104900;1;No;Pusat Toko berkah;IDLC3AWWAG;7598383205545068296;Shop ads order;Ineligible;Video;7609153706126265616;;107464;;0%;;104900;;0;;;;;5%;;;5245;;;;;;;;;;;05/06/2026 06:19:53;;;No payment needed
584367118808679846;1729744216100406439;maiaannisa;1729744224888456359;Minyak Oles/Balur Qahira-Minyak Oles Benjolan, Terverifikasi BPOM dan Halal MUI-Minyak Tubuh & Pijat (Minyak Balur/Oles Untuk Benjolan, Pegal Linu, Keselo, Lipoma dan Tiroid);85499;1;No;Pusat Toko berkah;IDLC3AWWAG;7598383205545068296;Shop ads order;Ineligible;Video;7625627637699955988;;86699;;0%;;85499;;0;;;;;5%;;;4275;;85499;;0;;;;;4275;;05/06/2026 05:43:05;07/06/2026 09:30:40;;No payment needed
584365715797739250;1729744216100406439;.bang.fey;1729744224888456359;Minyak Oles/Balur Qahira-Minyak Oles Benjolan, Terverifikasi BPOM dan Halal MUI-Minyak Tubuh & Pijat (Minyak Balur/Oles Untuk Benjolan, Pegal Linu, Keselo, Lipoma dan Tiroid);94999;1;No;Pusat Toko berkah;IDLC3AWWAG;7598383205545068296;Shop ads order;Ineligible;Video;7635283488396119304;;97363;;0%;;94999;;0;;;;;5%;;;4750;;;;;;;;;;;05/06/2026 00:47:28;;;No payment needed
584362184077051554;1729744216100406439;riskadiana22;1729744224888456359;Minyak Oles/Balur Qahira-Minyak Oles Benjolan, Terverifikasi BPOM dan Halal MUI-Minyak Tubuh & Pijat (Minyak Balur/Oles Untuk Benjolan, Pegal Linu, Keselo, Lipoma dan Tiroid);94999;1;No;Pusat Toko berkah;IDLC3AWWAG;7598383205545068296;Affiliate order;Ineligible;Video;7611413181868592405;;97363;0%;;;94999;0;;;;;10%;;;9500;;;;;;;;;;;;04/06/2026 20:35:25;;;No payment needed
584360231805617954;1729744216100406439;riskadiana22;1729744224888456359;Minyak Oles/Balur Qahira-Minyak Oles Benjolan, Terverifikasi BPOM dan Halal MUI-Minyak Tubuh & Pijat (Minyak Balur/Oles Untuk Benjolan, Pegal Linu, Keselo, Lipoma dan Tiroid);92852;1;No;Pusat Toko berkah;IDLC3AWWAG;7598383205545068296;Shop ads order;Ineligible;Video;7611413181868592405;;94152;;0%;;92852;;0;;;;;5%;;;4643;;92852;;0;;;;;4643;;04/06/2026 18:50:45;05/06/2026 11:15:21;;No payment needed
584355119141389508;1729744216100406439;riskadiana22;1729744224888456359;Minyak Oles/Balur Qahira-Minyak Oles Benjolan, Terverifikasi BPOM dan Halal MUI-Minyak Tubuh & Pijat (Minyak Balur/Oles Untuk Benjolan, Pegal Linu, Keselo, Lipoma dan Tiroid);94999;1;No;Pusat Toko berkah;IDLC3AWWAG;7598383205545068296;Affiliate order;Ineligible;Video;7611413181868592405;;95949;0%;;;94999;0;;;;;10%;;;9500;;;94999;0;;;;;9500;;;04/06/2026 13:05:23;05/06/2026 15:48:49;;No payment needed
584348105120777924;1729744216100406439;.bang.fey;1729744224888456359;Minyak Oles/Balur Qahira-Minyak Oles Benjolan, Terverifikasi BPOM dan Halal MUI-Minyak Tubuh & Pijat (Minyak Balur/Oles Untuk Benjolan, Pegal Linu, Keselo, Lipoma dan Tiroid);86605;1;No;Pusat Toko berkah;IDLC3AWWAG;7598383205545068296;Shop ads order;Ineligible;Video;7635283488396119304;;88683;;0%;;86605;;0;;;;;5%;;;4330;;86605;;0;;;;;4330;;04/06/2026 01:01:32;05/06/2026 18:29:51;;No payment needed
584345022124491904;1729744216100406439;riskadiana22;1729744224888456359;Minyak Oles/Balur Qahira-Minyak Oles Benjolan, Terverifikasi BPOM dan Halal MUI-Minyak Tubuh & Pijat (Minyak Balur/Oles Untuk Benjolan, Pegal Linu, Keselo, Lipoma dan Tiroid);94999;1;No;Pusat Toko berkah;IDLC3AWWAG;7598383205545068296;Affiliate order;Unpaid by customer;Video;7611413181868592405;;97363;0%;;;94999;0;;;;;10%;;;9500;;;;;;;;;;;;03/06/2026 21:11:58;;;
584341938980554015;1729744216100406439;riskadiana22;1729744224888456359;Minyak Oles/Balur Qahira-Minyak Oles Benjolan, Terverifikasi BPOM dan Halal MUI-Minyak Tubuh & Pijat (Minyak Balur/Oles Untuk Benjolan, Pegal Linu, Keselo, Lipoma dan Tiroid);94999;1;No;Pusat Toko berkah;IDLC3AWWAG;7598383205545068296;Affiliate order;Ineligible;Video;7611413181868592405;;97363;0%;;;94999;0;;;;;10%;;;9500;;;94999;0;;;;;9500;;;03/06/2026 18:18:39;05/06/2026 15:40:32;;No payment needed
584339523532785307;1729744216100406439;riskadiana22;1729744224888456359;Minyak Oles/Balur Qahira-Minyak Oles Benjolan, Terverifikasi BPOM dan Halal MUI-Minyak Tubuh & Pijat (Minyak Balur/Oles Untuk Benjolan, Pegal Linu, Keselo, Lipoma dan Tiroid);94999;1;No;Pusat Toko berkah;IDLC3AWWAG;7598383205545068296;Affiliate order;Ineligible;Video;7611413181868592405;;97363;0%;;;94999;0;;;;;10%;;;9500;;;94999;0;;;;;9500;;;03/06/2026 15:35:47;07/06/2026 08:15:49;;No payment needed
584337842621678645;1729744216100406439;riskadiana22;1729744224888456359;Minyak Oles/Balur Qahira-Minyak Oles Benjolan, Terverifikasi BPOM dan Halal MUI-Minyak Tubuh & Pijat (Minyak Balur/Oles Untuk Benjolan, Pegal Linu, Keselo, Lipoma dan Tiroid);94999;1;No;Pusat Toko berkah;IDLC3AWWAG;7598383205545068296;Affiliate order;Ineligible;Video;7611413181868592405;;97363;0%;;;94999;0;;;;;10%;;;9500;;;94999;0;;;;;9500;;;03/06/2026 13:47:20;09/06/2026 12:20:28;;No payment needed
584333317835490493;1729744216100406439;riskadiana22;1729744224888456359;Minyak Oles/Balur Qahira-Minyak Oles Benjolan, Terverifikasi BPOM dan Halal MUI-Minyak Tubuh & Pijat (Minyak Balur/Oles Untuk Benjolan, Pegal Linu, Keselo, Lipoma dan Tiroid);93136;1;No;Pusat Toko berkah;IDLC3AWWAG;7598383205545068296;Affiliate order;Ineligible;Video;7611413181868592405;;85123;0%;;;93136;0;;;;;10%;;;9314;;;93136;0;;;;;9314;;;03/06/2026 08:57:53;05/06/2026 12:46:04;;No payment needed
584333080261068292;1729744216100406439;riskadiana22;1729744224888456359;Minyak Oles/Balur Qahira-Minyak Oles Benjolan, Terverifikasi BPOM dan Halal MUI-Minyak Tubuh & Pijat (Minyak Balur/Oles Untuk Benjolan, Pegal Linu, Keselo, Lipoma dan Tiroid);84836;1;No;Pusat Toko berkah;IDLC3AWWAG;7598383205545068296;Shop ads order;Ineligible;Video;7611413181868592405;;86896;;0%;;84836;;0;;;;;5%;;;4242;;84836;;0;;;;;4242;;03/06/2026 08:39:23;06/06/2026 15:27:35;;No payment needed
584333102687618581;1729744216100406439;riskadiana22;1729744224888456359;Minyak Oles/Balur Qahira-Minyak Oles Benjolan, Terverifikasi BPOM dan Halal MUI-Minyak Tubuh & Pijat (Minyak Balur/Oles Untuk Benjolan, Pegal Linu, Keselo, Lipoma dan Tiroid);93136;1;No;Pusat Toko berkah;IDLC3AWWAG;7598383205545068296;Affiliate order;Ineligible;Video;7611413181868592405;;95380;0%;;;93136;0;;;;;10%;;;9314;;;93136;0;;;;;9314;;;03/06/2026 08:36:04;08/06/2026 14:11:46;;No payment needed
584329433296700742;1729744216100406439;riskadiana22;1729744224888456359;Minyak Oles/Balur Qahira-Minyak Oles Benjolan, Terverifikasi BPOM dan Halal MUI-Minyak Tubuh & Pijat (Minyak Balur/Oles Untuk Benjolan, Pegal Linu, Keselo, Lipoma dan Tiroid);91703;1;No;Pusat Toko berkah;IDLC3AWWAG;7598383205545068296;Affiliate order;Ineligible;Video;7611413181868592405;;94003;0%;;;91703;0;;;;;10%;;;9170;;;;;;;;;;;;02/06/2026 23:37:13;;;No payment needed
584327963850081706;1729744216100406439;.bang.fey;1729744224888456359;Minyak Oles/Balur Qahira-Minyak Oles Benjolan, Terverifikasi BPOM dan Halal MUI-Minyak Tubuh & Pijat (Minyak Balur/Oles Untuk Benjolan, Pegal Linu, Keselo, Lipoma dan Tiroid);94999;1;No;Pusat Toko berkah;IDLC3AWWAG;7598383205545068296;Shop ads order;Ineligible;Video;7635283488396119304;;97363;;0%;;94999;;0;;;;;5%;;;4750;;94999;;0;;;;;4750;;02/06/2026 21:48:34;05/06/2026 14:45:43;;No payment needed
584327552681215797;1729744216100406439;azwaajun.muthahharah;1729744224888456359;Minyak Oles/Balur Qahira-Minyak Oles Benjolan, Terverifikasi BPOM dan Halal MUI-Minyak Tubuh & Pijat (Minyak Balur/Oles Untuk Benjolan, Pegal Linu, Keselo, Lipoma dan Tiroid);94999;1;No;Pusat Toko berkah;IDLC3AWWAG;7598383205545068296;Affiliate order;Ineligible;External Traffic Program;7495473683225086346;Direct;97363;0%;;;94999;0;;;;;10%;;;9500;;;94999;0;;;;;9500;;;02/06/2026 21:30:46;04/06/2026 08:37:54;;No payment needed
584325862941427344;1729744216100406439;riskadiana22;1729744224888456359;Minyak Oles/Balur Qahira-Minyak Oles Benjolan, Terverifikasi BPOM dan Halal MUI-Minyak Tubuh & Pijat (Minyak Balur/Oles Untuk Benjolan, Pegal Linu, Keselo, Lipoma dan Tiroid);104900;1;No;Pusat Toko berkah;IDLC3AWWAG;7598383205545068296;Shop ads order;Ineligible;Video;7611413181868592405;;107464;;0%;;104900;;0;;;;;5%;;;5245;;104900;;0;;;;;5245;;02/06/2026 19:47:49;07/06/2026 10:01:27;;No payment needed
584325746144871669;1729744216100406439;riskadiana22;1729744224888456359;Minyak Oles/Balur Qahira-Minyak Oles Benjolan, Terverifikasi BPOM dan Halal MUI-Minyak Tubuh & Pijat (Minyak Balur/Oles Untuk Benjolan, Pegal Linu, Keselo, Lipoma dan Tiroid);94999;1;No;Pusat Toko berkah;IDLC3AWWAG;7598383205545068296;Affiliate order;Ineligible;Video;7611413181868592405;;97363;0%;;;94999;0;;;;;10%;;;9500;;;94999;0;;;;;9500;;;02/06/2026 19:42:13;06/06/2026 18:24:17;;No payment needed
584324785002153758;1729744216100406439;riskadiana22;1729744224888456359;Minyak Oles/Balur Qahira-Minyak Oles Benjolan, Terverifikasi BPOM dan Halal MUI-Minyak Tubuh & Pijat (Minyak Balur/Oles Untuk Benjolan, Pegal Linu, Keselo, Lipoma dan Tiroid);94999;1;No;Pusat Toko berkah;IDLC3AWWAG;7598383205545068296;Affiliate order;Ineligible;Video;7611413181868592405;;97363;0%;;;94999;0;;;;;10%;;;9500;;;;;;;;;;;;02/06/2026 18:47:37;;;No payment needed
584324738793375518;1729744216100406439;riskadiana22;1729744224888456359;Minyak Oles/Balur Qahira-Minyak Oles Benjolan, Terverifikasi BPOM dan Halal MUI-Minyak Tubuh & Pijat (Minyak Balur/Oles Untuk Benjolan, Pegal Linu, Keselo, Lipoma dan Tiroid);94999;1;No;Pusat Toko berkah;IDLC3AWWAG;7598383205545068296;Affiliate order;Ineligible;Video;7611413181868592405;;97363;0%;;;94999;0;;;;;10%;;;9500;;;;;;;;;;;;02/06/2026 18:45:45;;;No payment needed
584322496730531317;1729744216100406439;riskadiana22;1729744224888456359;Minyak Oles/Balur Qahira-Minyak Oles Benjolan, Terverifikasi BPOM dan Halal MUI-Minyak Tubuh & Pijat (Minyak Balur/Oles Untuk Benjolan, Pegal Linu, Keselo, Lipoma dan Tiroid);94999;1;No;Pusat Toko berkah;IDLC3AWWAG;7598383205545068296;Affiliate order;Ineligible;Video;7611413181868592405;;96399;0%;;;94999;0;;;;;10%;;;9500;;;94999;0;;;;;9500;;;02/06/2026 16:04:04;05/06/2026 06:55:48;;No payment needed
584321289351235260;1729744216100406439;animasi_herbal;1729744224888456359;Minyak Oles/Balur Qahira-Minyak Oles Benjolan, Terverifikasi BPOM dan Halal MUI-Minyak Tubuh & Pijat (Minyak Balur/Oles Untuk Benjolan, Pegal Linu, Keselo, Lipoma dan Tiroid);94999;1;No;Pusat Toko berkah;IDLC3AWWAG;7598383205545068296;Affiliate order;Ineligible;Video;7642213578849783048;;97363;0%;;;94999;0;;;;;10%;;;9500;;;94999;0;;;;;9500;;;02/06/2026 14:38:36;03/06/2026 15:50:47;;No payment needed
584321230881719632;1729744216100406439;riskadiana22;1729744224888456359;Minyak Oles/Balur Qahira-Minyak Oles Benjolan, Terverifikasi BPOM dan Halal MUI-Minyak Tubuh & Pijat (Minyak Balur/Oles Untuk Benjolan, Pegal Linu, Keselo, Lipoma dan Tiroid);66499;1;No;Pusat Toko berkah;IDLC3AWWAG;7598383205545068296;Affiliate order;Ineligible;Video;7611413181868592405;;82199;0%;;;66499;0;;;;;10%;;;6650;;;66499;0;;;;;6650;;;02/06/2026 14:37:32;07/06/2026 12:09:37;;No payment needed
584320772540892390;1729744216100406439;rikohub_274;1729744224888456359;Minyak Oles/Balur Qahira-Minyak Oles Benjolan, Terverifikasi BPOM dan Halal MUI-Minyak Tubuh & Pijat (Minyak Balur/Oles Untuk Benjolan, Pegal Linu, Keselo, Lipoma dan Tiroid);83268;1;No;Pusat Toko berkah;IDLC3AWWAG;7598383205545068296;Affiliate order;Ineligible;Video;7610781668156149012;;83268;0%;;;83268;0;;;;;10%;;;8327;;;83268;0;;;;;8327;;;02/06/2026 14:03:30;03/06/2026 19:07:41;;No payment needed
584316962733262015;1729744216100406439;animasi_herbal;1729744224888456359;Minyak Oles/Balur Qahira-Minyak Oles Benjolan, Terverifikasi BPOM dan Halal MUI-Minyak Tubuh & Pijat (Minyak Balur/Oles Untuk Benjolan, Pegal Linu, Keselo, Lipoma dan Tiroid);105000;1;No;Pusat Toko berkah;IDLC3AWWAG;7598383205545068296;Affiliate order;Ineligible;Video;7644872902625561874;;107565;0%;;;105000;0;;;;;10%;;;10500;;;105000;0;;;;;10500;;;02/06/2026 09:50:42;03/06/2026 12:37:50;;No payment needed
584311889499096186;1729744216100406439;riskadiana22;1729744224888456359;Minyak Oles/Balur Qahira-Minyak Oles Benjolan, Terverifikasi BPOM dan Halal MUI-Minyak Tubuh & Pijat (Minyak Balur/Oles Untuk Benjolan, Pegal Linu, Keselo, Lipoma dan Tiroid);75999;1;No;Pusat Toko berkah;IDLC3AWWAG;7598383205545068296;Affiliate order;Ineligible;Video;7611413181868592405;;78577;0%;;;75999;0;;;;;10%;;;7600;;;75999;0;;;;;7600;;;01/06/2026 22:46:44;07/06/2026 16:40:53;;No payment needed
584311003158579116;1729744216100406439;riskadiana22;1729744224888456359;Minyak Oles/Balur Qahira-Minyak Oles Benjolan, Terverifikasi BPOM dan Halal MUI-Minyak Tubuh & Pijat (Minyak Balur/Oles Untuk Benjolan, Pegal Linu, Keselo, Lipoma dan Tiroid);91199;1;No;Pusat Toko berkah;IDLC3AWWAG;7598383205545068296;Affiliate order;Ineligible;Video;7611413181868592405;;92111;0%;;;91199;0;;;;;10%;;;9120;;;91199;0;;;;;9120;;;01/06/2026 21:56:03;04/06/2026 08:43:26;;No payment needed
584310187151361702;1729744216100406439;riskadiana22;1729744224888456359;Minyak Oles/Balur Qahira-Minyak Oles Benjolan, Terverifikasi BPOM dan Halal MUI-Minyak Tubuh & Pijat (Minyak Balur/Oles Untuk Benjolan, Pegal Linu, Keselo, Lipoma dan Tiroid);104900;1;No;Pusat Toko berkah;IDLC3AWWAG;7598383205545068296;Affiliate order;Ineligible;Video;7611413181868592405;;107464;0%;;;104900;0;;;;;10%;;;10490;;;;;;;;;;;;01/06/2026 21:08:26;;;No payment needed
584309789101556893;1729744216100406439;riskadiana22;1729744224888456359;Minyak Oles/Balur Qahira-Minyak Oles Benjolan, Terverifikasi BPOM dan Halal MUI-Minyak Tubuh & Pijat (Minyak Balur/Oles Untuk Benjolan, Pegal Linu, Keselo, Lipoma dan Tiroid);79999;1;No;Pusat Toko berkah;IDLC3AWWAG;7598383205545068296;Affiliate order;Ineligible;Video;7611413181868592405;;80799;0%;;;79999;0;;;;;10%;;;8000;;;79999;0;;;;;8000;;;01/06/2026 20:46:40;04/06/2026 11:49:10;;No payment needed
584296611645786073;1729744216100406439;riskadiana22;1729744224888456359;Minyak Oles/Balur Qahira-Minyak Oles Benjolan, Terverifikasi BPOM dan Halal MUI-Minyak Tubuh & Pijat (Minyak Balur/Oles Untuk Benjolan, Pegal Linu, Keselo, Lipoma dan Tiroid);93136;1;No;Pusat Toko berkah;IDLC3AWWAG;7598383205545068296;Affiliate order;Pending;Video;7611413181868592405;;95436;0%;;;93136;0;;;;;10%;;;9314;;;93136;;;;;;;;;01/06/2026 05:10:34;10/06/2026 18:37:19;;
584296577255769298;1729744216100406439;riskadiana22;1729744224888456359;Minyak Oles/Balur Qahira-Minyak Oles Benjolan, Terverifikasi BPOM dan Halal MUI-Minyak Tubuh & Pijat (Minyak Balur/Oles Untuk Benjolan, Pegal Linu, Keselo, Lipoma dan Tiroid);93136;1;No;Pusat Toko berkah;IDLC3AWWAG;7598383205545068296;Affiliate order;Ineligible;Video;7611413181868592405;;95380;0%;;;93136;0;;;;;10%;;;9314;;;93136;0;;;;;9314;;;01/06/2026 05:04:26;04/06/2026 08:18:42;;No payment needed
584294401435272343;1729744216100406439;riskadiana22;1729744224888456359;Minyak Oles/Balur Qahira-Minyak Oles Benjolan, Terverifikasi BPOM dan Halal MUI-Minyak Tubuh & Pijat (Minyak Balur/Oles Untuk Benjolan, Pegal Linu, Keselo, Lipoma dan Tiroid);89299;1;No;Pusat Toko berkah;IDLC3AWWAG;7598383205545068296;Affiliate order;Ineligible;Video;7611413181868592405;;91505;0%;;;89299;0;;;;;10%;;;8930;;;;;;;;;;;;31/05/2026 22:58:46;;;No payment needed
584292039000557119;1729744216100406439;riskadiana22;1729744224888456359;Minyak Oles/Balur Qahira-Minyak Oles Benjolan, Terverifikasi BPOM dan Halal MUI-Minyak Tubuh & Pijat (Minyak Balur/Oles Untuk Benjolan, Pegal Linu, Keselo, Lipoma dan Tiroid);94999;1;No;Pusat Toko berkah;IDLC3AWWAG;7598383205545068296;Affiliate order;Ineligible;Video;7611413181868592405;;99383;0%;;;94999;0;;;;;10%;;;9500;;;94999;0;;;;;9500;;;31/05/2026 20:35:33;07/06/2026 18:13:09;;No payment needed
584291715751707976;1729744216100406439;riskadiana22;1729744224888456359;Minyak Oles/Balur Qahira-Minyak Oles Benjolan, Terverifikasi BPOM dan Halal MUI-Minyak Tubuh & Pijat (Minyak Balur/Oles Untuk Benjolan, Pegal Linu, Keselo, Lipoma dan Tiroid);94999;1;No;Pusat Toko berkah;IDLC3AWWAG;7598383205545068296;Affiliate order;Ineligible;Video;7611413181868592405;;97363;0%;;;94999;0;;;;;10%;;;9500;;;94999;0;;;;;9500;;;31/05/2026 20:13:47;03/06/2026 16:58:06;;No payment needed
584287335438517728;1729744216100406439;riskadiana22;1729744224888456359;Minyak Oles/Balur Qahira-Minyak Oles Benjolan, Terverifikasi BPOM dan Halal MUI-Minyak Tubuh & Pijat (Minyak Balur/Oles Untuk Benjolan, Pegal Linu, Keselo, Lipoma dan Tiroid);92599;1;No;Pusat Toko berkah;IDLC3AWWAG;7598383205545068296;Affiliate order;Ineligible;Video;7611413181868592405;;92599;0%;;;92599;0;;;;;10%;;;9260;;;92599;0;;;;;9260;;;31/05/2026 15:11:41;04/06/2026 10:15:31;;No payment needed
584275719078642903;1729744216100406439;nam.bar3;1729744224888456359;Minyak Oles/Balur Qahira-Minyak Oles Benjolan, Terverifikasi BPOM dan Halal MUI-Minyak Tubuh & Pijat (Minyak Balur/Oles Untuk Benjolan, Pegal Linu, Keselo, Lipoma dan Tiroid);94999;1;No;Pusat Toko berkah;IDLC3AWWAG;7598383205545068296;Affiliate order;Ineligible;Video;7633593942411398408;;97363;0%;;;94999;0;;;;;10%;;;9500;;;94999;0;;;;;9500;;;30/05/2026 20:31:44;04/06/2026 11:25:40;;No payment needed
584271592932541582;1729744216100406439;riskadiana22;1729744224888456359;Minyak Oles/Balur Qahira-Minyak Oles Benjolan, Terverifikasi BPOM dan Halal MUI-Minyak Tubuh & Pijat (Minyak Balur/Oles Untuk Benjolan, Pegal Linu, Keselo, Lipoma dan Tiroid);94999;1;No;Pusat Toko berkah;IDLC3AWWAG;7598383205545068296;Affiliate order;Ineligible;Video;7611413181868592405;;97363;0%;;;94999;0;;;;;10%;;;9500;;;94999;0;;;;;9500;;;30/05/2026 15:38:19;05/06/2026 09:52:12;;No payment needed
584269421508003639;1729744216100406439;riskadiana22;1729744224888456359;Minyak Oles/Balur Qahira-Minyak Oles Benjolan, Terverifikasi BPOM dan Halal MUI-Minyak Tubuh & Pijat (Minyak Balur/Oles Untuk Benjolan, Pegal Linu, Keselo, Lipoma dan Tiroid);94999;1;No;Pusat Toko berkah;IDLC3AWWAG;7598383205545068296;Affiliate order;Ineligible;Video;7611413181868592405;;112210;0%;;;94999;0;;;;;10%;;;9500;;;94999;0;;;;;9500;;;30/05/2026 13:01:02;03/06/2026 09:54:52;;No payment needed
584264598764881593;1729917318191023271;nurulaini280902;1729917357927597223;Promo Qahira Varian-Suplemen Kesehatan-Bantu  Meredakan Bendjolan, Terbuat dari Bajakah Asli Indonesia-Obat Herbal Benjolan-Pengobatan Alternatif-Obat Herbal;76268;1;No;Pusat Toko berkah;IDLC3AWWAG;7598383205545068296;Shop ads order;Ineligible;Video;7609153706126265616;;78950;;0%;;76268;;0;;;;;5%;;;3813;;76268;;0;;;;;3813;;30/05/2026 06:57:22;03/06/2026 12:37:21;;No payment needed
584256577855325535;1729744216100406439;riskadiana22;1729744224888456359;Minyak Oles/Balur Qahira-Minyak Oles Benjolan, Terverifikasi BPOM dan Halal MUI-Minyak Tubuh & Pijat (Minyak Balur/Oles Untuk Benjolan, Pegal Linu, Keselo, Lipoma dan Tiroid);94999;1;No;Pusat Toko berkah;IDLC3AWWAG;7598383205545068296;Affiliate order;Ineligible;Video;7611413181868592405;;97363;0%;;;94999;0;;;;;10%;;;9500;;;94999;0;;;;;9500;;;29/05/2026 16:56:45;02/06/2026 11:55:46;;No payment needed
584249406101554859;1729744216100406439;riskadiana22;1729744224888456359;Minyak Oles/Balur Qahira-Minyak Oles Benjolan, Terverifikasi BPOM dan Halal MUI-Minyak Tubuh & Pijat (Minyak Balur/Oles Untuk Benjolan, Pegal Linu, Keselo, Lipoma dan Tiroid);93136;1;No;Pusat Toko berkah;IDLC3AWWAG;7598383205545068296;Affiliate order;Ineligible;Video;7611413181868592405;;95380;0%;;;93136;0;;;;;10%;;;9314;;;;;;;;;;;;29/05/2026 08:00:30;;;No payment needed
584242961163650535;1729744216100406439;riskadiana22;1729744224888456359;Minyak Oles/Balur Qahira-Minyak Oles Benjolan, Terverifikasi BPOM dan Halal MUI-Minyak Tubuh & Pijat (Minyak Balur/Oles Untuk Benjolan, Pegal Linu, Keselo, Lipoma dan Tiroid);91199;1;No;Pusat Toko berkah;IDLC3AWWAG;7598383205545068296;Affiliate order;Ineligible;Video;7611413181868592405;;93424;0%;;;91199;0;;;;;10%;;;9120;;;91199;0;;;;;9120;;;28/05/2026 19:31:04;01/06/2026 13:48:03;;No payment needed
584235845211096850;1729744216100406439;riskadiana22;1729744224888456359;Minyak Oles/Balur Qahira-Minyak Oles Benjolan, Terverifikasi BPOM dan Halal MUI-Minyak Tubuh & Pijat (Minyak Balur/Oles Untuk Benjolan, Pegal Linu, Keselo, Lipoma dan Tiroid);93136;1;No;Pusat Toko berkah;IDLC3AWWAG;7598383205545068296;Affiliate order;Ineligible;Video;7611413181868592405;;98536;0%;;;93136;0;;;;;10%;;;9314;;;93136;0;;;;;9314;;;28/05/2026 10:38:36;31/05/2026 08:49:42;;No payment needed
584232386659189975;1729744216100406439;riskadiana22;1729744224888456359;Minyak Oles/Balur Qahira-Minyak Oles Benjolan, Terverifikasi BPOM dan Halal MUI-Minyak Tubuh & Pijat (Minyak Balur/Oles Untuk Benjolan, Pegal Linu, Keselo, Lipoma dan Tiroid);93136;1;No;Pusat Toko berkah;IDLC3AWWAG;7598383205545068296;Affiliate order;Pending;Video;7611413181868592405;;137295;0%;;;93136;0;;;;;10%;;;9314;;;93136;;;;;;;;;28/05/2026 04:41:32;10/06/2026 11:03:30;;
584231474044306641;1729917318190957735;nurulaini280902;1729917357927597223;Promo Qahira Varian-Suplemen Kesehatan-Bantu  Meredakan Bendjolan, Terbuat dari Bajakah Asli Indonesia-Obat Herbal Benjolan-Pengobatan Alternatif-Obat Herbal;95000;1;No;Pusat Toko berkah;IDLC3AWWAG;7598383205545068296;Shop ads order;Ineligible;Video;7609153706126265616;;97364;;0%;;95000;;0;;;;;5%;;;4750;;95000;;0;;;;;4750;;28/05/2026 00:32:55;30/05/2026 09:19:15;;No payment needed
584231074295940290;1729744216100406439;riskadiana22;1729744224888456359;Minyak Oles/Balur Qahira-Minyak Oles Benjolan, Terverifikasi BPOM dan Halal MUI-Minyak Tubuh & Pijat (Minyak Balur/Oles Untuk Benjolan, Pegal Linu, Keselo, Lipoma dan Tiroid);94999;1;No;Pusat Toko berkah;IDLC3AWWAG;7598383205545068296;Affiliate order;Ineligible;Video;7611413181868592405;;97363;0%;;;94999;0;;;;;10%;;;9500;;;94999;0;;;;;9500;;;27/05/2026 23:38:57;29/05/2026 12:29:09;;No payment needed
584230099592971469;1729744216100406439;nurulaini280902;1729744224888456359;Minyak Oles/Balur Qahira-Minyak Oles Benjolan, Terverifikasi BPOM dan Halal MUI-Minyak Tubuh & Pijat (Minyak Balur/Oles Untuk Benjolan, Pegal Linu, Keselo, Lipoma dan Tiroid);80749;1;No;Pusat Toko berkah;IDLC3AWWAG;7598383205545068296;Affiliate order;Ineligible;Video;7609153706126265616;;82768;0%;;;80749;0;;;;;10%;;;8075;;;80749;0;;;;;8075;;;27/05/2026 22:16:22;29/05/2026 16:11:16;;No payment needed
584228539541980186;1729744216100406439;riskadiana22;1729744224888456359;Minyak Oles/Balur Qahira-Minyak Oles Benjolan, Terverifikasi BPOM dan Halal MUI-Minyak Tubuh & Pijat (Minyak Balur/Oles Untuk Benjolan, Pegal Linu, Keselo, Lipoma dan Tiroid);94999;1;No;Pusat Toko berkah;IDLC3AWWAG;7598383205545068296;Affiliate order;Ineligible;Video;7611413181868592405;;97363;0%;;;94999;0;;;;;10%;;;9500;;;94999;0;;;;;9500;;;27/05/2026 20:35:42;30/05/2026 09:25:07;;No payment needed
584225485041665236;1729744216100406439;ameliahmusthofa;1729744224888456359;Minyak Oles/Balur Qahira-Minyak Oles Benjolan, Terverifikasi BPOM dan Halal MUI-Minyak Tubuh & Pijat (Minyak Balur/Oles Untuk Benjolan, Pegal Linu, Keselo, Lipoma dan Tiroid);91199;1;No;Pusat Toko berkah;IDLC3AWWAG;7598383205545068296;Shop ads order;Ineligible;Video;7642948543648484628;;93499;;0%;;91199;;0;;;;;5%;;;4560;;91199;;0;;;;;4560;;27/05/2026 16:53:28;29/05/2026 15:23:49;;No payment needed
584220017526736774;1729744216100406439;riskadiana22;1729744224888456359;Minyak Oles/Balur Qahira-Minyak Oles Benjolan, Terverifikasi BPOM dan Halal MUI-Minyak Tubuh & Pijat (Minyak Balur/Oles Untuk Benjolan, Pegal Linu, Keselo, Lipoma dan Tiroid);89411;1;No;Pusat Toko berkah;IDLC3AWWAG;7598383205545068296;Affiliate order;Ineligible;Video;7611413181868592405;;91618;0%;;;89411;0;;;;;10%;;;8941;;;89411;0;;;;;8941;;;27/05/2026 10:01:26;31/05/2026 12:05:56;;No payment needed
584217579142481106;1729744216100406439;riskadiana22;1729744224888456359;Minyak Oles/Balur Qahira-Minyak Oles Benjolan, Terverifikasi BPOM dan Halal MUI-Minyak Tubuh & Pijat (Minyak Balur/Oles Untuk Benjolan, Pegal Linu, Keselo, Lipoma dan Tiroid);93136;1;No;Pusat Toko berkah;IDLC3AWWAG;7598383205545068296;Affiliate order;Pending;Video;7611413181868592405;;94436;0%;;;93136;0;;;;;10%;;;9314;;;93136;;;;;;;;;27/05/2026 06:07:17;11/06/2026 11:06:13;;
584216113578411271;1729917318190957735;nurulaini280902;1729917357927597223;Promo Qahira Varian-Suplemen Kesehatan-Bantu  Meredakan Bendjolan, Terbuat dari Bajakah Asli Indonesia-Obat Herbal Benjolan-Pengobatan Alternatif-Obat Herbal;66500;1;No;Pusat Toko berkah;IDLC3AWWAG;7598383205545068296;Shop ads order;Ineligible;Video;7609153706126265616;;68781;;0%;;66500;;0;;;;;5%;;;3325;;66500;;0;;;;;3325;;27/05/2026 00:23:02;30/05/2026 15:27:13;;No payment needed
584211161488328294;1729744216100406439;.bang.fey;1729744224888456359;Minyak Oles/Balur Qahira-Minyak Oles Benjolan, Terverifikasi BPOM dan Halal MUI-Minyak Tubuh & Pijat (Minyak Balur/Oles Untuk Benjolan, Pegal Linu, Keselo, Lipoma dan Tiroid);89299;1;No;Pusat Toko berkah;IDLC3AWWAG;7598383205545068296;Affiliate order;Ineligible;Video;7616458252087299349;;91599;0%;;;89299;0;;;;;10%;;;8930;;;89299;0;;;;;8930;;;26/05/2026 18:12:16;01/06/2026 15:44:34;;No payment needed
584210534241764903;1729744216100406439;riskadiana22;1729744224888456359;Minyak Oles/Balur Qahira-Minyak Oles Benjolan, Terverifikasi BPOM dan Halal MUI-Minyak Tubuh & Pijat (Minyak Balur/Oles Untuk Benjolan, Pegal Linu, Keselo, Lipoma dan Tiroid);94999;1;No;Pusat Toko berkah;IDLC3AWWAG;7598383205545068296;Affiliate order;Ineligible;Video;7611413181868592405;;183314;0%;;;94999;0;;;;;10%;;;9500;;;94999;0;;;;;9500;;;26/05/2026 17:22:52;03/06/2026 10:17:24;;No payment needed
584206812518844227;1729744216100406439;riskadiana22;1729744224888456359;Minyak Oles/Balur Qahira-Minyak Oles Benjolan, Terverifikasi BPOM dan Halal MUI-Minyak Tubuh & Pijat (Minyak Balur/Oles Untuk Benjolan, Pegal Linu, Keselo, Lipoma dan Tiroid);91199;1;No;Pusat Toko berkah;IDLC3AWWAG;7598383205545068296;Affiliate order;Ineligible;Video;7611413181868592405;;93424;0%;;;91199;0;;;;;10%;;;9120;;;91199;0;;;;;9120;;;26/05/2026 12:35:38;28/05/2026 11:00:50;;No payment needed
584206144212665978;1729744216100406439;riskadiana22;1729744224888456359;Minyak Oles/Balur Qahira-Minyak Oles Benjolan, Terverifikasi BPOM dan Halal MUI-Minyak Tubuh & Pijat (Minyak Balur/Oles Untuk Benjolan, Pegal Linu, Keselo, Lipoma dan Tiroid);91199;1;No;Pusat Toko berkah;IDLC3AWWAG;7598383205545068296;Affiliate order;Ineligible;Video;7611413181868592405;;93424;0%;;;91199;0;;;;;10%;;;9120;;;91199;0;;;;;9120;;;26/05/2026 11:52:56;27/05/2026 16:54:04;;No payment needed
584201764190652142;1729744216100406439;cutemebaby7;1729744224888456359;Minyak Oles/Balur Qahira-Minyak Oles Benjolan, Terverifikasi BPOM dan Halal MUI-Minyak Tubuh & Pijat (Minyak Balur/Oles Untuk Benjolan, Pegal Linu, Keselo, Lipoma dan Tiroid);93136;1;No;Pusat Toko berkah;IDLC3AWWAG;7598383205545068296;Shop ads order;Ineligible;Video;7642220125910797589;;118913;;0%;;93136;;0;;;;;5%;;;4657;;;;;;;;;;;26/05/2026 05:15:10;;;No payment needed
584199654062916621;1729744216100406439;nadiapurba53;1729744224888456359;Minyak Oles/Balur Qahira-Minyak Oles Benjolan, Terverifikasi BPOM dan Halal MUI-Minyak Tubuh & Pijat (Minyak Balur/Oles Untuk Benjolan, Pegal Linu, Keselo, Lipoma dan Tiroid);94999;1;No;Pusat Toko berkah;IDLC3AWWAG;7598383205545068296;Shop ads order;Ineligible;Video;7623254593178242324;;96399;;0%;;94999;;0;;;;;5%;;;4750;;94999;;0;;;;;4750;;25/05/2026 22:55:14;28/05/2026 18:58:12;;No payment needed
584194157517112871;1729744216100406439;riskadiana22;1729744224888456359;Minyak Oles/Balur Qahira-Minyak Oles Benjolan, Terverifikasi BPOM dan Halal MUI-Minyak Tubuh & Pijat (Minyak Balur/Oles Untuk Benjolan, Pegal Linu, Keselo, Lipoma dan Tiroid);94999;1;No;Pusat Toko berkah;IDLC3AWWAG;7598383205545068296;Affiliate order;Ineligible;Video;7611413181868592405;;113220;0%;;;94999;0;;;;;10%;;;9500;;;94999;0;;;;;9500;;;25/05/2026 16:46:08;28/05/2026 16:41:48;;No payment needed
584193746418697533;1729744216100406439;riskadiana22;1729744224888456359;Minyak Oles/Balur Qahira-Minyak Oles Benjolan, Terverifikasi BPOM dan Halal MUI-Minyak Tubuh & Pijat (Minyak Balur/Oles Untuk Benjolan, Pegal Linu, Keselo, Lipoma dan Tiroid);94999;1;No;Pusat Toko berkah;IDLC3AWWAG;7598383205545068296;Affiliate order;Ineligible;Video;7611413181868592405;;97363;0%;;;94999;0;;;;;10%;;;9500;;;94999;0;;;;;9500;;;25/05/2026 16:11:59;31/05/2026 12:25:59;;No payment needed
584192020739228948;1729744216100406439;riskadiana22;1729744224888456359;Minyak Oles/Balur Qahira-Minyak Oles Benjolan, Terverifikasi BPOM dan Halal MUI-Minyak Tubuh & Pijat (Minyak Balur/Oles Untuk Benjolan, Pegal Linu, Keselo, Lipoma dan Tiroid);94999;1;No;Pusat Toko berkah;IDLC3AWWAG;7598383205545068296;Affiliate order;Ineligible;Video;7611413181868592405;;97363;0%;;;94999;0;;;;;10%;;;9500;;;94999;0;;;;;9500;;;25/05/2026 14:01:50;27/05/2026 14:08:11;;No payment needed
584188794397885886;1729744216100406439;animasi_herbal;1729744224888456359;Minyak Oles/Balur Qahira-Minyak Oles Benjolan, Terverifikasi BPOM dan Halal MUI-Minyak Tubuh & Pijat (Minyak Balur/Oles Untuk Benjolan, Pegal Linu, Keselo, Lipoma dan Tiroid);94999;1;No;Pusat Toko berkah;IDLC3AWWAG;7598383205545068296;Shop ads order;Ineligible;Video;7642213578849783048;;97363;;0%;;94999;;0;;;;;5%;;;4750;;94999;;0;;;;;4750;;25/05/2026 10:18:29;27/05/2026 18:56:12;;No payment needed
584188267577181436;1729744216100406439;nadiapurba53;1729744224888456359;Minyak Oles/Balur Qahira-Minyak Oles Benjolan, Terverifikasi BPOM dan Halal MUI-Minyak Tubuh & Pijat (Minyak Balur/Oles Untuk Benjolan, Pegal Linu, Keselo, Lipoma dan Tiroid);94999;1;No;Pusat Toko berkah;IDLC3AWWAG;7598383205545068296;Shop ads order;Ineligible;Video;7623254593178242324;;97399;;0%;;94999;;0;;;;;5%;;;4750;;94999;;0;;;;;4750;;25/05/2026 09:41:45;26/05/2026 11:36:01;;No payment needed
584185182591092241;1729744216100406439;nadiapurba53;1729744224888456359;Minyak Oles/Balur Qahira-Minyak Oles Benjolan, Terverifikasi BPOM dan Halal MUI-Minyak Tubuh & Pijat (Minyak Balur/Oles Untuk Benjolan, Pegal Linu, Keselo, Lipoma dan Tiroid);93136;1;No;Pusat Toko berkah;IDLC3AWWAG;7598383205545068296;Shop ads order;Ineligible;Video;7623254593178242324;;95380;;0%;;93136;;0;;;;;5%;;;4657;;93136;;0;;;;;4657;;25/05/2026 02:49:18;28/05/2026 20:06:04;;No payment needed
584184588447483733;1729744216100406439;dokterpuja;1729744224888456359;Minyak Oles/Balur Qahira-Minyak Oles Benjolan, Terverifikasi BPOM dan Halal MUI-Minyak Tubuh & Pijat (Minyak Balur/Oles Untuk Benjolan, Pegal Linu, Keselo, Lipoma dan Tiroid);93136;1;No;Pusat Toko berkah;IDLC3AWWAG;7598383205545068296;Shop ads order;Ineligible;Video;7641891837518646536;;95380;;0%;;93136;;0;;;;;5%;;;4657;;93136;;0;;;;;4657;;25/05/2026 00:41:29;30/05/2026 08:46:53;;No payment needed
584183411901761311;1729744216100406439;animasi_herbal;1729744224888456359;Minyak Oles/Balur Qahira-Minyak Oles Benjolan, Terverifikasi BPOM dan Halal MUI-Minyak Tubuh & Pijat (Minyak Balur/Oles Untuk Benjolan, Pegal Linu, Keselo, Lipoma dan Tiroid);93136;1;No;Pusat Toko berkah;IDLC3AWWAG;7598383205545068296;Shop ads order;Ineligible;Video;7642213578849783048;;93136;;0%;;93136;;0;;;;;5%;;;4657;;93136;;0;;;;;4657;;24/05/2026 22:44:31;28/05/2026 09:28:07;;No payment needed
584179625976563270;1729744216100406439;riskadiana22;1729744224888456359;Minyak Oles/Balur Qahira-Minyak Oles Benjolan, Terverifikasi BPOM dan Halal MUI-Minyak Tubuh & Pijat (Minyak Balur/Oles Untuk Benjolan, Pegal Linu, Keselo, Lipoma dan Tiroid);94999;1;No;Pusat Toko berkah;IDLC3AWWAG;7598383205545068296;Affiliate order;Ineligible;Video;7611413181868592405;;164629;0%;;;94999;0;;;;;10%;;;9500;;;94999;0;;;;;9500;;;24/05/2026 18:37:19;29/05/2026 14:07:54;;No payment needed
584177442568504855;1729744216100406439;nadiapurba53;1729744224888456359;Minyak Oles/Balur Qahira-Minyak Oles Benjolan, Terverifikasi BPOM dan Halal MUI-Minyak Tubuh & Pijat (Minyak Balur/Oles Untuk Benjolan, Pegal Linu, Keselo, Lipoma dan Tiroid);94999;1;No;Pusat Toko berkah;IDLC3AWWAG;7598383205545068296;Affiliate order;Ineligible;Video;7628990528670977300;;97363;0%;;;94999;0;;;;;10%;;;9500;;;;;;;;;;;;24/05/2026 15:52:46;;;No payment needed
584173662722819578;1729744216100406439;cutemebaby7;1729744224888456359;Minyak Oles/Balur Qahira-Minyak Oles Benjolan, Terverifikasi BPOM dan Halal MUI-Minyak Tubuh & Pijat (Minyak Balur/Oles Untuk Benjolan, Pegal Linu, Keselo, Lipoma dan Tiroid);94999;1;No;Pusat Toko berkah;IDLC3AWWAG;7598383205545068296;Shop ads order;Ineligible;Video;7642220125910797589;;97363;;0%;;94999;;0;;;;;5%;;;4750;;94999;;0;;;;;4750;;24/05/2026 11:28:21;30/05/2026 11:19:30;;No payment needed
584172410233128314;1729744216100406439;dokterpuja;1729744224888456359;Minyak Oles/Balur Qahira-Minyak Oles Benjolan, Terverifikasi BPOM dan Halal MUI-Minyak Tubuh & Pijat (Minyak Balur/Oles Untuk Benjolan, Pegal Linu, Keselo, Lipoma dan Tiroid);94999;1;No;Pusat Toko berkah;IDLC3AWWAG;7598383205545068296;Shop ads order;Ineligible;Video;7641891837518646536;;97363;;0%;;94999;;0;;;;;5%;;;4750;;94999;;0;;;;;4750;;24/05/2026 10:01:55;26/05/2026 13:01:19;;No payment needed
584172032942180266;1729744216100406439;animasi_herbal;1729744224888456359;Minyak Oles/Balur Qahira-Minyak Oles Benjolan, Terverifikasi BPOM dan Halal MUI-Minyak Tubuh & Pijat (Minyak Balur/Oles Untuk Benjolan, Pegal Linu, Keselo, Lipoma dan Tiroid);105000;1;No;Pusat Toko berkah;IDLC3AWWAG;7598383205545068296;Shop ads order;Ineligible;Video;7642213578849783048;;123624;;0%;;105000;;0;;;;;5%;;;5250;;105000;;0;;;;;5250;;24/05/2026 09:35:24;27/05/2026 16:27:16;;No payment needed
584170557410281071;1729917318191023271;nurulaini280902;1729917357927597223;Promo Qahira Varian-Suplemen Kesehatan-Bantu  Meredakan Bendjolan, Terbuat dari Bajakah Asli Indonesia-Obat Herbal Benjolan-Pengobatan Alternatif-Obat Herbal;74700;1;No;Pusat Toko berkah;IDLC3AWWAG;7598383205545068296;Shop ads order;Ineligible;Video;7609153706126265616;;77265;;0%;;74700;;0;;;;;5%;;;3735;;74700;;0;;;;;3735;;24/05/2026 07:22:49;26/05/2026 10:37:59;;No payment needed
584170139589707642;1729744216100406439;riskadiana22;1729744224888456359;Minyak Oles/Balur Qahira-Minyak Oles Benjolan, Terverifikasi BPOM dan Halal MUI-Minyak Tubuh & Pijat (Minyak Balur/Oles Untuk Benjolan, Pegal Linu, Keselo, Lipoma dan Tiroid);91199;1;No;Pusat Toko berkah;IDLC3AWWAG;7598383205545068296;Affiliate order;Ineligible;Video;7611413181868592405;;93833;0%;;;91199;0;;;;;10%;;;9120;;;91199;0;;;;;9120;;;24/05/2026 06:32:33;27/05/2026 21:04:15;;No payment needed
584161910077949921;1729744216100406439;riskadiana22;1729744224888456359;Minyak Oles/Balur Qahira-Minyak Oles Benjolan, Terverifikasi BPOM dan Halal MUI-Minyak Tubuh & Pijat (Minyak Balur/Oles Untuk Benjolan, Pegal Linu, Keselo, Lipoma dan Tiroid);94999;1;No;Pusat Toko berkah;IDLC3AWWAG;7598383205545068296;Affiliate order;Ineligible;Video;7611413181868592405;;97363;0%;;;94999;0;;;;;10%;;;9500;;;94999;0;;;;;9500;;;23/05/2026 15:57:54;27/05/2026 13:15:28;;No payment needed
584160876464473808;1729744216100406439;nadiapurba53;1729744224888456359;Minyak Oles/Balur Qahira-Minyak Oles Benjolan, Terverifikasi BPOM dan Halal MUI-Minyak Tubuh & Pijat (Minyak Balur/Oles Untuk Benjolan, Pegal Linu, Keselo, Lipoma dan Tiroid);91199;1;No;Pusat Toko berkah;IDLC3AWWAG;7598383205545068296;Shop ads order;Ineligible;Video;7623254593178242324;;93424;;0%;;91199;;0;;;;;5%;;;4560;;91199;;0;;;;;4560;;23/05/2026 14:41:24;25/05/2026 10:35:10;;No payment needed
584159157489338298;1729744216100406439;cutemebaby7;1729744224888456359;Minyak Oles/Balur Qahira-Minyak Oles Benjolan, Terverifikasi BPOM dan Halal MUI-Minyak Tubuh & Pijat (Minyak Balur/Oles Untuk Benjolan, Pegal Linu, Keselo, Lipoma dan Tiroid);78849;1;No;Pusat Toko berkah;IDLC3AWWAG;7598383205545068296;Shop ads order;Ineligible;Video;7642220125910797589;;81556;;0%;;78849;;0;;;;;5%;;;3942;;;;;;;;;;;23/05/2026 12:42:28;;;No payment needed
584154458010125451;1729744216100406439;nadiapurba53;1729744224888456359;Minyak Oles/Balur Qahira-Minyak Oles Benjolan, Terverifikasi BPOM dan Halal MUI-Minyak Tubuh & Pijat (Minyak Balur/Oles Untuk Benjolan, Pegal Linu, Keselo, Lipoma dan Tiroid);94999;1;No;Pusat Toko berkah;IDLC3AWWAG;7598383205545068296;Shop ads order;Ineligible;Video;7623254593178242324;;96358;;0%;;94999;;0;;;;;5%;;;4750;;;;;;;;;;;23/05/2026 06:14:12;;;No payment needed
584152260140763024;1732592347904902311;nadiapurba53;1729917357927597223;Promo Qahira Varian-Suplemen Kesehatan-Bantu  Meredakan Bendjolan, Terbuat dari Bajakah Asli Indonesia-Obat Herbal Benjolan-Pengobatan Alternatif-Obat Herbal;196000;1;No;Pusat Toko berkah;IDLC3AWWAG;7598383205545068296;Affiliate order;Ineligible;Video;7623254593178242324;;204880;0%;;;196000;0;;;;;10%;;;19600;;;196000;0;;;;;19600;;;22/05/2026 22:59:54;24/05/2026 18:35:08;;No payment needed
584150647348954669;1729744216100406439;nadiapurba53;1729744224888456359;Minyak Oles/Balur Qahira-Minyak Oles Benjolan, Terverifikasi BPOM dan Halal MUI-Minyak Tubuh & Pijat (Minyak Balur/Oles Untuk Benjolan, Pegal Linu, Keselo, Lipoma dan Tiroid);94999;1;No;Pusat Toko berkah;IDLC3AWWAG;7598383205545068296;Shop ads order;Ineligible;Video;7623254593178242324;;97868;;0%;;94999;;0;;;;;5%;;;4750;;94999;;0;;;;;4750;;22/05/2026 21:07:12;26/05/2026 15:40:40;;No payment needed
584148282571851463;1729744216100406439;nadiapurba53;1729744224888456359;Minyak Oles/Balur Qahira-Minyak Oles Benjolan, Terverifikasi BPOM dan Halal MUI-Minyak Tubuh & Pijat (Minyak Balur/Oles Untuk Benjolan, Pegal Linu, Keselo, Lipoma dan Tiroid);75999;1;No;Pusat Toko berkah;IDLC3AWWAG;7598383205545068296;Affiliate order;Ineligible;Video;7623254593178242324;;78577;0%;;;75999;0;;;;;10%;;;7600;;;75999;0;;;;;7600;;;22/05/2026 18:29:31;26/05/2026 11:49:56;;No payment needed
584138393050449849;1729744216100406439;riskadiana22;1729744224888456359;Minyak Oles/Balur Qahira-Minyak Oles Benjolan, Terverifikasi BPOM dan Halal MUI-Minyak Tubuh & Pijat (Minyak Balur/Oles Untuk Benjolan, Pegal Linu, Keselo, Lipoma dan Tiroid);93136;1;No;Pusat Toko berkah;IDLC3AWWAG;7598383205545068296;Affiliate order;Ineligible;Video;7611413181868592405;;96325;0%;;;93136;0;;;;;10%;;;9314;;;93136;0;;;;;9314;;;22/05/2026 05:11:30;23/05/2026 09:56:05;;No payment needed
584134055827179290;1729744216100406439;riskadiana22;1729744224888456359;Minyak Oles/Balur Qahira-Minyak Oles Benjolan, Terverifikasi BPOM dan Halal MUI-Minyak Tubuh & Pijat (Minyak Balur/Oles Untuk Benjolan, Pegal Linu, Keselo, Lipoma dan Tiroid);94999;1;No;Pusat Toko berkah;IDLC3AWWAG;7598383205545068296;Affiliate order;Ineligible;Video;7611413181868592405;;97363;0%;;;94999;0;;;;;10%;;;9500;;;94999;0;;;;;9500;;;21/05/2026 19:57:36;23/05/2026 11:52:35;;No payment needed
584132853771241012;1729917318190957735;nurulaini280902;1729917357927597223;Promo Qahira Varian-Suplemen Kesehatan-Bantu  Meredakan Bendjolan, Terbuat dari Bajakah Asli Indonesia-Obat Herbal Benjolan-Pengobatan Alternatif-Obat Herbal;95000;1;No;Pusat Toko berkah;IDLC3AWWAG;7598383205545068296;Shop ads order;Ineligible;Video;7609153706126265616;;97364;;0%;;95000;;0;;;;;5%;;;4750;;95000;;0;;;;;4750;;21/05/2026 18:39:27;24/05/2026 14:37:07;;No payment needed
584130434131985435;1729744216100406439;riskadiana22;1729744224888456359;Minyak Oles/Balur Qahira-Minyak Oles Benjolan, Terverifikasi BPOM dan Halal MUI-Minyak Tubuh & Pijat (Minyak Balur/Oles Untuk Benjolan, Pegal Linu, Keselo, Lipoma dan Tiroid);94999;1;No;Pusat Toko berkah;IDLC3AWWAG;7598383205545068296;Affiliate order;Ineligible;Video;7611413181868592405;;122916;0%;;;94999;0;;;;;10%;;;9500;;;94999;0;;;;;9500;;;21/05/2026 15:24:22;25/05/2026 13:19:23;;No payment needed
584128581711332620;1729744216100406439;riskadiana22;1729744224888456359;Minyak Oles/Balur Qahira-Minyak Oles Benjolan, Terverifikasi BPOM dan Halal MUI-Minyak Tubuh & Pijat (Minyak Balur/Oles Untuk Benjolan, Pegal Linu, Keselo, Lipoma dan Tiroid);94999;1;No;Pusat Toko berkah;IDLC3AWWAG;7598383205545068296;Affiliate order;Ineligible;Video;7611413181868592405;;95949;0%;;;94999;0;;;;;10%;;;9500;;;94999;0;;;;;9500;;;21/05/2026 13:02:54;22/05/2026 16:48:59;;No payment needed
584124031445993007;1729744216100406439;nadiapurba53;1729744224888456359;Minyak Oles/Balur Qahira-Minyak Oles Benjolan, Terverifikasi BPOM dan Halal MUI-Minyak Tubuh & Pijat (Minyak Balur/Oles Untuk Benjolan, Pegal Linu, Keselo, Lipoma dan Tiroid);96700;1;No;Pusat Toko berkah;IDLC3AWWAG;7598383205545068296;Shop ads order;Ineligible;Video;7623254593178242324;;99081;;0%;;96700;;0;;;;;5%;;;4835;;;;;;;;;;;21/05/2026 07:09:59;;;No payment needed
584118030076118148;1729744216100406439;nadiapurba53;1729744224888456359;Minyak Oles/Balur Qahira-Minyak Oles Benjolan, Terverifikasi BPOM dan Halal MUI-Minyak Tubuh & Pijat (Minyak Balur/Oles Untuk Benjolan, Pegal Linu, Keselo, Lipoma dan Tiroid);94999;1;No;Pusat Toko berkah;IDLC3AWWAG;7598383205545068296;Shop ads order;Ineligible;Video;7623254593178242324;;96399;;0%;;94999;;0;;;;;5%;;;4750;;;;;;;;;;;20/05/2026 19:27:11;;;No payment needed
584118057545860228;1729744216100406439;nadiapurba53;1729744224888456359;Minyak Oles/Balur Qahira-Minyak Oles Benjolan, Terverifikasi BPOM dan Halal MUI-Minyak Tubuh & Pijat (Minyak Balur/Oles Untuk Benjolan, Pegal Linu, Keselo, Lipoma dan Tiroid);94999;1;No;Pusat Toko berkah;IDLC3AWWAG;7598383205545068296;Shop ads order;Ineligible;Video;7623254593178242324;;96399;;0%;;94999;;0;;;;;5%;;;4750;;;;;;;;;;;20/05/2026 19:26:19;;;No payment needed
584117914522322086;1729744216100406439;riskadiana22;1729744224888456359;Minyak Oles/Balur Qahira-Minyak Oles Benjolan, Terverifikasi BPOM dan Halal MUI-Minyak Tubuh & Pijat (Minyak Balur/Oles Untuk Benjolan, Pegal Linu, Keselo, Lipoma dan Tiroid);94999;1;No;Pusat Toko berkah;IDLC3AWWAG;7598383205545068296;Affiliate order;Ineligible;Video;7611413181868592405;;97363;0%;;;94999;0;;;;;10%;;;9500;;;94999;0;;;;;9500;;;20/05/2026 19:19:08;22/05/2026 18:40:38;;No payment needed
584113789143320058;1729744216100406439;nadiapurba53;1729744224888456359;Minyak Oles/Balur Qahira-Minyak Oles Benjolan, Terverifikasi BPOM dan Halal MUI-Minyak Tubuh & Pijat (Minyak Balur/Oles Untuk Benjolan, Pegal Linu, Keselo, Lipoma dan Tiroid);94999;1;No;Pusat Toko berkah;IDLC3AWWAG;7598383205545068296;Shop ads order;Ineligible;Video;7623254593178242324;;97363;;0%;;94999;;0;;;;;5%;;;4750;;94999;;0;;;;;4750;;20/05/2026 13:53:34;23/05/2026 13:40:30;;No payment needed
584113611448354236;1729744216100406439;riskadiana22;1729744224888456359;Minyak Oles/Balur Qahira-Minyak Oles Benjolan, Terverifikasi BPOM dan Halal MUI-Minyak Tubuh & Pijat (Minyak Balur/Oles Untuk Benjolan, Pegal Linu, Keselo, Lipoma dan Tiroid);94999;1;No;Pusat Toko berkah;IDLC3AWWAG;7598383205545068296;Affiliate order;Ineligible;Video;7611413181868592405;;97399;0%;;;94999;0;;;;;10%;;;9500;;;94999;0;;;;;9500;;;20/05/2026 13:44:04;22/05/2026 16:33:29;;No payment needed
584106744374396879;1729744216100406439;nam.bar3;1729744224888456359;Minyak Oles/Balur Qahira-Minyak Oles Benjolan, Terverifikasi BPOM dan Halal MUI-Minyak Tubuh & Pijat (Minyak Balur/Oles Untuk Benjolan, Pegal Linu, Keselo, Lipoma dan Tiroid);93136;1;No;Pusat Toko berkah;IDLC3AWWAG;7598383205545068296;Affiliate order;Ineligible;Video;7633593942411398408;;95380;0%;;;93136;0;;;;;10%;;;9314;;;93136;0;;;;;9314;;;20/05/2026 00:27:28;22/05/2026 10:53:58;;No payment needed
584105589537670593;1729744216100406439;riskadiana22;1729744224888456359;Minyak Oles/Balur Qahira-Minyak Oles Benjolan, Terverifikasi BPOM dan Halal MUI-Minyak Tubuh & Pijat (Minyak Balur/Oles Untuk Benjolan, Pegal Linu, Keselo, Lipoma dan Tiroid);94999;1;No;Pusat Toko berkah;IDLC3AWWAG;7598383205545068296;Affiliate order;Ineligible;Video;7611413181868592405;;96399;0%;;;94999;0;;;;;10%;;;9500;;;0;0;;;;;0;;;19/05/2026 22:21:47;;;No payment needed
584102360129243010;1729744216100406439;.bang.fey;1729744224888456359;Minyak Oles/Balur Qahira-Minyak Oles Benjolan, Terverifikasi BPOM dan Halal MUI-Minyak Tubuh & Pijat (Minyak Balur/Oles Untuk Benjolan, Pegal Linu, Keselo, Lipoma dan Tiroid);86699;1;No;Pusat Toko berkah;IDLC3AWWAG;7598383205545068296;Affiliate order;Ineligible;Video;7617040342269021460;;88879;0%;;;86699;0;;;;;10%;;;8670;;;86699;0;;;;;8670;;;19/05/2026 18:58:58;22/05/2026 14:03:20;;No payment needed
584101694153328626;1729744216100406439;nadiapurba53;1729744224888456359;Minyak Oles/Balur Qahira-Minyak Oles Benjolan, Terverifikasi BPOM dan Halal MUI-Minyak Tubuh & Pijat (Minyak Balur/Oles Untuk Benjolan, Pegal Linu, Keselo, Lipoma dan Tiroid);94999;1;No;Pusat Toko berkah;IDLC3AWWAG;7598383205545068296;Affiliate order;Ineligible;Video;7623254593178242324;;100255;0%;;;94999;0;;;;;10%;;;9500;;;;;;;;;;;;19/05/2026 18:08:13;;;No payment needed
584098828655101159;1729744216100406439;riskadiana22;1729744224888456359;Minyak Oles/Balur Qahira-Minyak Oles Benjolan, Terverifikasi BPOM dan Halal MUI-Minyak Tubuh & Pijat (Minyak Balur/Oles Untuk Benjolan, Pegal Linu, Keselo, Lipoma dan Tiroid);94999;1;No;Pusat Toko berkah;IDLC3AWWAG;7598383205545068296;Affiliate order;Ineligible;Video;7611413181868592405;;95949;0%;;;94999;0;;;;;10%;;;9500;;;94999;0;;;;;9500;;;19/05/2026 14:30:06;22/05/2026 10:16:19;;No payment needed
584097618827118406;1729744216100406439;riskadiana22;1729744224888456359;Minyak Oles/Balur Qahira-Minyak Oles Benjolan, Terverifikasi BPOM dan Halal MUI-Minyak Tubuh & Pijat (Minyak Balur/Oles Untuk Benjolan, Pegal Linu, Keselo, Lipoma dan Tiroid);91199;1;No;Pusat Toko berkah;IDLC3AWWAG;7598383205545068296;Affiliate order;Ineligible;Video;7611413181868592405;;93499;0%;;;91199;0;;;;;10%;;;9120;;;91199;0;;;;;9120;;;19/05/2026 12:54:20;20/05/2026 11:30:38;;No payment needed
584091754824500307;1729744216100406439;riskadiana22;1729744224888456359;Minyak Oles/Balur Qahira-Minyak Oles Benjolan, Terverifikasi BPOM dan Halal MUI-Minyak Tubuh & Pijat (Minyak Balur/Oles Untuk Benjolan, Pegal Linu, Keselo, Lipoma dan Tiroid);93136;1;No;Pusat Toko berkah;IDLC3AWWAG;7598383205545068296;Affiliate order;Ineligible;Video;7611413181868592405;;95380;0%;;;93136;0;;;;;10%;;;9314;;;93136;0;;;;;9314;;;19/05/2026 01:50:44;20/05/2026 16:09:43;;No payment needed
